원하는 클레이튼 NFT 이름,지갑 주소
DSC Mate #1900,0xD62c143062bb22fD59bdB21eE7c260c69da39C25
떡방앗간 느프트,0xc134151d01F5b7845970A1FBC4Fd39b9988ee96F
DSC,0x35d150008F42974D6d43Bb93bf5DEa9F6adC1FAe
THE META KONGZ !!,0x2Abc6eD4fdf1F8650e798E2767dD019cad70792C
Dogesoundclub,0x6a182de33fd0bbF849e5AFA916bBf1afC910C8B1
DSC 메이트,0x957acE55451c601F55a974ff80A84B4ACA7AAD37
klayfox 요!!,0x4113707062DBd97Ff497f60389Bd75C517FDD808
metakongz,0x6CD4a16fF30C788bc55bB6AE5ae9eB4364b14c20
DSC 메이트,0xb0b5a04666a7c23Ec34C30A96fa5c1F8DC9317A7
doge sound club,0x57b7E415f63a0fB2B1121AfD7844D8fC8150489d
DSC 메이트,0x3E606e2828D1ae8051ab427924B5DB28CA0c9B10
DSC 메이트,0xbe7430d85Bde699f58E3D4a3b50EB755F00F1c7E
메이트,0xE510873742d7534160aE9D5641AaB08a60c427ef
DSC 메이트,0x2484adF57B03454D78291054568Ff3EECD29Ef5B
DSC 메이트,0xA1ce2BFCf124EBC62a479dD930d24Aa4d0b3B995
MetaKongz,0x0034dAA364f2cD970f74cb7d413B9db4A93a5e46
DSC,0x1D5203510C26c7079fA236Ddbb689cB9400E7363
Roomer,0xAaDF125aB9461fF16F44Bc8b3BD7742fF81B996a
KLITS,0x1E9f5a2a1c38Deb432257bDE75C77e27ec3628E7
클레이다이노,0x9ab272096ae22aac0335fb0e93d284f1e7fbc532
Dogesoundclub : MATES,0x425C93c8F148eE5d38163C23C6ECB5f9a1215e7f
dsc,0x4b0bC7947459e8963754CcA62eA2278c9033Bc4F
DSC 메이트,0x573FDa4c02e599e1c24cBaCfE818dDdBe1fc8Cf5
PerFriends,0x56Ed413faf6EF3Ce394294C2574B124847D9d327
DSC 메이트,0x517E814aE0e1e36F8155A57991adfbc15a13C339
DSC MATES | DIGITAL IDENTITY,0x0069a9c0bee3B702Cb84De9F29C94EC99a5CC105
떡방앗간 느프트,0xAd2A7D33C9D7EC948951fDa7e3898c1d87429ca9
DSC 메이트,0x0ad060C45D94E8A217282C76BDD53b6992b33f60
당근 근본 메이트지!!,0x5dde7679eAa9Cb350630148B86D983E5f08E7765
DSC 메이트,0x85cAB9B3548761De8F51469e50167b77f948839E
클리츠,0x53dBa4af27e904d7C39c64ac72362b91c46f7d0E
메이트!!!!!!,0x5DdB703C993a610aBAB8DdE9Ad6596af2E7A2f77
DSC MATES,0xDFb6eB80771392A738D229D4d77d43d306C9e090
dsc mates,0x4B32f3455Ca40441510db1207482E0A61130305f
dsc,0xadDCce9c93c9c01F5cc410D4Fc45d8734a150D2e
도사클 메이트... 입니다...,0xB2bC28Ec1D09274857e62f6E34322C6bdfe8F8B4
SheepFarm,0xF1bCBA0f62ad8C7A2bF03323A2BcDDC127caf947
메이트,0x2bff18f6fd5d0cef188f7c37478f4f7ac0b8bfeb
Klayfox v1,0x9CF8c1b201A5C274249c04EfCd4188dED60D029A
KlayDino,0xCA603B5C3B8E989d6841bF79aA98FE6C74B05572
Klapes,0xa08524FcE89270794d3C068bACCA03A856645576
클레이폭스,0xd469a4927fCe7a32CDD48f25d028a15Fa11E0e8e
DSC메이트,0x60aeaa4ECE1c44B4c04074633405a68c91B48b2c
인절미 NFT,0xEc8fb34537366c0732c4C19d4b19E019E185cb69
Popo 레어,0x004DD0ACe8bB1D3838CF7DAd16db97626872F842
DSC MATES,0x2dc069aea7d32a701bbfd31a36e776b7a6a94c14
조까!,이걸 왜보고 있는겨 ㅠㅠ?
the Meta kongz,0x1b17D0892f11df9F22cadf3d16C6D7De257cf782
트레져스클럽,0xaCd5250c1a44EB001Be341Cf42D91cb55A22543c
AK Observer,0xCd888Bc06021684D1F9446548e690706e09Ad9f1
메이트,0xd1f5d7541Ca220649F753a333c57B2ccB3A38836
클레이도베르만NFT,0xB518c85C1d3Fb7CD2b3b9Ba640352CA282944088
메이트(Mate),0xD87CDdFE32696120836b51f94556BF0E3BbAe07f
DSC MATES,0x8ad6C496104Be7AbBf75caA9529a70aEb31D1831
무 조 건 D S C D S C D S C D S C D S C,0x37c73943AfF6da25A17E81b8f352AFc5c163Afd9
KlayFox,0x8B70c0b874D00df4516B411FAC7EF78073b74931
메이트,0xd45D04E10d10E1B06e1a5ae67c762EA93c6E6672
DSC MATES | DIGITAL IDENTITY,0x5339D482340936382ebC71832AB2f456270b02C2
Klaydobermann,0x814DD39BE76e4B922B39D5Fd9aDd7eF7091564Dc
T O R (토르),0xaC9ABA7099398f083cA488D807fDBe707B4b2009
"DSC 메이트 ""줘""",0xe7b3f36504E65E33551dAD9bB85Cb7933E8F15d1
Doge Sound Club,0xF592D2002FF1a142eE9Ce2FB359240c0E5513087
sheepfarm,0x10a06F008Bc46e27a8A7115e12Fd94c02A1EfCde
ART CARPET BOMBING Pixel Cat #8017,0xB491D04bc668303D6FfcacF233080Bf15b02dA57
klay Fox,0x0B1fEF3eCb7612Ae30c5288ABd61101956A34511
Cat Town Punks #10057,0x0B5d1597aC503E8E86324803e25179eC49f9EEc6
메이트,0xd45D04E10d10E1B06e1a5ae67c762EA93c6E6672
신타콩즈,0x0E46B123b6ea96801d52b5FD7645e503Ff0732bA
조선 다이너스티 토지,0x96b8530dbe2e48216deb32161f3700a6f8621936
말해뭐해 도사클이쥐,0xc019bf90cc782C92bf255b54A19816d968cB7714
DSC MATES | DIGITAL IDENTITY,0x297b79961B71973bcE849321E731962C084082C8
DSC 메이트,0x34d2f28FB0660d271846D9927ddF88f111615299
dsc 메이트,0x4A7a278a989cb181345655a968F10B96B2d5FeC9
DSC MATES | DIGITAL IDENTITY,0xBAa12eF34966bcff9Bb0Ca1D7137E5116F047F69
Klapes,0xc39221Ff3582F80f9176D8D566cB713B56bbBbfF
CatSle,0xe58CAD07547314De30124a9fC054c89442a2c209
말해뭐해 클레이튼 NFT 명실상부 1위,0x784FeE955d39AA8a05BA5747B1F721A09a75E0eC
조선왕국 랜드,0xB1F3c757EFa5D15f61e1C48243655bFDD7278Fd2
DSC Mate #2552,0x3138872F27d659265e846A21a7064F6403F3D1Cc
DSC MATES | DIGITAL IDENTITY,0x28FE7B2FBE5b6B8246aCF8DAA37f6C251b97dcD5
dsc mate,0x23f46Be3c59Df6dB4a1d174ed3B7c9ca8Bd50A4A
메타콩즈,0x4F1e48cD4338362a4510486E14e4178a3F6D765a
도싸클 메이트!,0x49c51B35CcA7C41DA195DE19F6fCDa3ff0BcAbA5
미스터리 에그,0x750ba3B33dcf7Cc2e5d7bF0296dd56842eD59077
DSC메이트 #5798,0xD25a9e1f910C6fd513ddE1875fD01Ca03BA80E86
DSC MATES,0x90AFAE2cc5666fd6F494636B498De7aF9EAEC0a3
도지사운드클럽,0x51477BAa175043E79Cd662eBaCd1d56a3Ca319A8
메타콩즈,0xE378a2ef0A9389a89465CCF6c48C154890123a62
DSC mate,0x3768Fa8eFD90c51c960E98661f19C120991E5511
the meta kongz,0x1b17D0892f11df9F22cadf3d16C6D7De257cf782
Cute cat club,0xe862e6b74DE04a70867ffc4FB3Da9878c4a10c18
Art carpet bombing,0x9758b2d3371ED057f3053166be8C062827A71663
DSC MATES | DIGITAL IDENTITY,0x0ab9b9af4986bf27e5992a54f7dd83c2c7e46859
DSC MATES,0x92978d24b269987138c3A40115ad612b8C67eEB3
DSC mate #106,0xd22892075DBce9C28c60f024Cc5eE7B9098B049b
GIANT BABY #031,0xDde609E214e8430361358B6670a0920723C00E3C
THE META KONGZ,0x296df9d3ba3b52583cd1ea1a399fd1222e662081
DSC Mate,0x691696aBD1C97fBD3c823B368Fa69cAaE1438b35
THE META KONGZ,0x77c5912f5b591261551e9caf4966fbf0207a1cae
메이트 주세요 제발요,0xBFE7a2FF93542eb258b769fc02e69870060FCC51
DSC 메이트,0x5Bb9bD9984d000b5540b5a8B9515B92A7E160C09
RURIA,0x4059987FBe3c9407Ff5783e9Da569Bd009C94F71
DSC MATES,0xFAcEA260797c3635eD8f93423e7489Aa4004B3a3
"도지사운드클럽, 바닥가격 아무거나 괜찮아요.",0x75947CBc8b948B1eC442E0bcA0064CC4cd4c65D6
NFT이름: KlayDino / Floor Price : 500,0xD3eAa041Dab1F0fA81b47b10bebA37C7280bEd1f
The Guardians,0xf79899ec352bC3b3b79cf347fA89bDe75e1a90b4
ALAP,0x6ed29fE7a0f2d5c9Fd266FcCaFe554D68497B24D
선착순 선물 게임,0x55cc9733649b7D96CD92c18F93dF85a85EB1f1CE
SheepFarm,0xD668F9481819ee0E9F805B0533048f38E416d17D
Klapes,0x265A1c83d5bF647f5d648b08ba2799C7ed529433
Klape #4548,0xc2b0545B0715692EF1e28963aB4899E7372523b9
클레이치킨,0x404749cE32cAE854b500E1A7B9664E730CC7697B
ART CARPET BOMBING,0x39E1191fe7bc8C60BF6c3da317cC9eCCB69d6e40
DSC,0xe27577484854dAf79E85172450EeDCd9013e1C6a
메타콩즈,0xC335A697125d42fCD79Ee261f6Ea1A1C7964688C
DSC 메이트,0xd7D3a4bF321721C8B26756B5caFEb9b5fBaaE3b0
ART CARPET BOMBING,0x676506c96073821E0ec7A92B38B00EAC5fF6802d
트레져스클럽,0xA61ce8B5ea8f08929E3B07F120Ec1D0B8De19144
sheepfarm nft,0x5DE51b7944c766b1CAdce299463059bdEc38C1BF
Dsc mate,0x8D5feEBd41FccCfB3D9A525f899E5A0b0B278cab
dsc mates,0xE64CC0b9aB170c6063a82570d597fE5fae9C9747
klapes,0xBa06bac2D147F753EdDa122789021b6C460DCDab
KlayFox - 0011,0xEBC808A635De0ae0183760bcc7C0B30E76534e65
DSC,0x72d8c6B7ad253e734c38210b8677683b4454eBa2
메타콩즈... 콩즈 물렸어....the meta kongz...,0xBf75D048717E563E98dD7A700c12F928d6D625fd
THE META KONGZ,0xE307362778C9cDea2609e4d5CA3E3209fd46fc79
메타콩즈,0x098eed810e7F618A49014356Ec6AD5913EF62Ba2
DSC Mate #4113,0xD2632aC30520C6bf58033f266A75f67238de273d
뉴클레이펑크 V1 슈퍼레어,0x555fd6FcbA7552bd6b5732C5eb2E3Daa390613c6
Dsc 메이트,0xe04Ec6ABD6397514A9677D11E6f0E686e8F0409e
DSC MATE(도사클)_근본 of 근본,0x9B96D6dd1D41bB0757AEE6F06533a8470A03f36C
DSC MATES,0x4cBbe1eDd5Fe30c4FD18aB4Ff8b0733a4409C0b8
도지사운드클럽 메이트,0xa8542093B4f2A572d4A6316509876e19D5A60001
클레이다이노 Floor Price: 500클레이,0xD3eAa041Dab1F0fA81b47b10bebA37C7280bEd1f
도싸클이최고야,0x7C28E53A0Ad6c372E134399D50726295f24cBfbC
sheepfarm 땅!,0x80788543b308aF9cE2072DE958aDD7C09Ee0e085
ALAP : THE LOST PIONEERS,0xb8599BDD97DE2164B3e7387f6379405AA90294d2
영재 nft,0x606FccDe40F2A1c8461B3893Cd267E4A3723ABaD
ALAP: The Lost Pioneers #686,0x84Fb514F1fdaB71ef8445c2c5152DCAc87f04096
도사클 메이트,0x3B1b027415aFe1296aD8700440C3cCB29c65B8D9
dsc mate,0x144A721d24699C259a3C5D02239cfB86f121FB45
Dogesoundclub,0x7C28E53A0Ad6c372E134399D50726295f24cBfbC
클리츠,0x8794E34DEAd849De924602C26F555a28dA055c01ㅡ
NewKlayPUNKS,0x31Ad3F1BE0efEDf817f044FdB6DC1BaE0422B1d8
메타콩즈,0x0055ebc7de7b4a687d05a6154143843546af1eb9
DSC메이트,0x4C0F2540c03d0734Cab6f88D4Db6988E660A5372
메이트!!,0x70FC55aB5048b397eBEB0Eb506b032a726bE9A54
klapes,0xFf47D1620B2f0B9e7CcA128d94FaAb7757A52257
0xFCe0829845246289d27a999aC8AF37305c2f8E25,0xFCe0829845246289d27a999aC8AF37305c2f8E25
Klapes,0x476e9B13EDa6d780055281eb78Ed96553E71300F
Joseon Dynasty,0x614Fa86eF285520e46840c371aa95d75217D1326
인절미 느프트 받고싶다 짹,0x192f784EE4C59e60E7c361f89370feF342b50675
[TREASURES] MASTER #09018,0x1D75E6Ab69ef720Ce352c05aFC2c1A2c465f911d
the-meta-kongz,0x2EE9197D58E2dB7BBEB03Dc1f02b26DA5E706372
dscmate,0x53Cf194f4E7A5D7971ebFD4Aa727fd75512c747b
DSC 메이트,0xAe3a62E51E5aaAC43C344A1451FB339356f77Dd6
Land : Joseon Dynasty,0x216eEc9BB718f230568459FDD2F013C66d67063D
dsc,0x5e75eC1d0dabbFFD721e800d77eD99a1441D2802
dsc,0x5e75eC1d0dabbFFD721e800d77eD99a1441D2802
Hi i am the first mixmon,0x90acfed581dce743b15a22a698192dd350e3ab7b
ALAP : THE LOST PIONEERS,0x23ef4D7E58353f6A48d7770c822315E417233166
Moonlight Window,0xcf3EccfB5692b02c453073A1888B0e0264a3A65f
메이트,0xd57dD30011f46f4A8Ca1c9500354C94451f8dc7A
DOGESOUNDCLUB MATES,0xaa75a03289E94410a1725948A24BbC0AE43bA58B
META KONGZ,0xD1931Cb06A5966827A4720410552020e89Ab308f
THE META KONGZ,0xc422Dbaf1aD779590945e6881dCfd49485cDA121
cuna,0x1Dcf97B70F310fe8AAF66B45e4C380b71380503C
Joseon Dynasty,0x03E61E39D9c06b1Dc150863B5C1dFd2857608dc6
메이트,0xE042255bfBaa2D1F677341277ecfb0Ca1905EA4B
Klaydobermann,0xc11c267e29785AB0c2a4591Bf7cb2C818340F3d3
일꾼,0x9179D812D71C5859922371A899b19E1cd1B82db6
조선 다이너스티 NFT,0xA5df7d1abA199C1B1F84FbA9E867c2afA9Cfb67b
THE META KONGZ,0x48dD22a5C0675625658c3F0a629217946DF772c6
ALAP,0x0A49Cde099E8BaECb33F941c9453e0192d82135A
DSC MATE,0x5BE95BE14ebFEbD25BDF464961b9081345bBf219
KlayFox(아무가나 상관없음),Ox2ECF492B586C0897aC2C9aE5881cE435865a3Eb3
klaydoges,0x2D3139b527F713Bf2c22DC458FDE6320B392aC75
KlayDino,0x96317719557050Fe9BD53137ef5FC3A51F5E2340
클레이다이노,0xB09DE62Fbf789D63b7A3e742044Fb44a752AAb21
Young thug,0xDF62dd873ae063A6DFc83898EB58b74633bdEc60
Dogesoundclub,0xB5fB9371a6fE131c289e977C5714337C46298A21
ㅋ 출시할 절미 느프트 주면 안되?? ㅋㅋ,0x0D0D936aB8333e31dE791B88D67F29ac5F5dDB81
Klaydino,0x3ac7A730f4f6C9Af64d7F301F98e70756aEE4B37
DSC MATES | DIGITAL IDENTITY,0x5B55e08eE6dd4eF31F75Fe97dFC34cb5FE9405f9
DSC Mate,0x50109593DA0007C0BAF1BbC5792B849ce3d30158
DSC eMATES,0x5e65D1C355D34e8Bd08DC27FD1F0BcADed1F0244
NewKlayPUNKS,0xF66e0E248c643c11Aa66bE2B838D2747b1faCcC0
klapes,0xfa1ee243063271C24B7E30674f6ecEAbA3921d26
Mixmon,0xff8d490c514620f2d9e3b4337cf96f2a0d0731b1
3DMongz,0x869A83C3D912318fb8FcAC6ADadDaA50c2F373f6
애니멀펑크V2,0xc3b7356337ACE19902798F4dC3a2fc4648F6e113
DSC Mate #5792,0x3a41c3F55DE01BE783D095e09aE14D2133865f7E
DSC 메이트,0x945521e6c96Ce563eA62102A029938160023ba2C
dsc mate,0x37ACC8521242670940cBe823bFD00A66d56e4813
메이트,0x1AEc79E799af0FdD444561B52cF7368C8eaC3F5b
DSC MATES | DIGITAL IDENTITY,0xb767183c8f4d24a95b55d140bae044d1f4e6da59
NewKlayPUNKS,0x1b3761A74C109fb77d307548050f48C35d7E1AcF
메타콩즈,0xf4cE3F6EFA3dA8131bbA63878fb2e53e23CfDa13
doge sound club,0x7217D32B37207698f6bFCf1ca48CB040f3c86884
DSC Mate #7664,0xF9D0BC4eFe9dE9F48f6B1901cbd554C93Cb24030
메타콩즈,0xEb8B748ed028E23C353558408B9CeDF5Bb8270c0
KlayDino,0xB5C002d6Ead3373BA93d6D0a9e64281c6A3850e0
THE META KONGZ,0xB3c9Af5482EA356c322DD6673925f4D3c870F6fC
Metakongz,0x66a5f07F67c63C0C071f68759508C79f14D7643C
THE META KONGZ,0x3bA5AbA2D7a7d763D409f1599BFB574C9c4Cd953
도사클 메이트,0xAD760641DDf4ff98bb18C3090aFEBf9E15db205E
newklaypunks,0x1a40612171e925Db71a03230B031FcCF14369941
Land : Joseon Dynasty,0xd4ffd6132D24bE1053423ce47cA3136059817970
Pixel Cat #2703,0x0cF2c48372B483606F906E72dc0E210636e30c72
도지사운드클럽 메이트,0x752035685b9d561A862346D873498690EFF0123F
메타콩즈,0x7e78c04108135c649F80949974bAf495627dAeEA
애니멀펑크,0x8158EcDfC39Ef8eF26FF260785B332F7Cb63506a
도지사운드클럽 NFT,0x0Ac0e818D0b164C042C1575c1a3FA1e73DA67637
도사클 메이트!!,0xBf75D048717E563E98dD7A700c12F928d6D625fd
KlayForest,0xAf0042ce6423283a54fdDDaDFDCf3f73aEa974d2
Klapes,0xF4bc719498E314ECBAeFb0DA95A39Ba699C37c6B
klaydino,0x73D265acb9FB0256745Cc175C992540F92D3cf2D
Cat Town Punks #14654,0x03E79A7fAefd7f8a99019874d9E94C04ac1D961f
SheepFarm,0x9b6D20844cD47eC21f5D6dfc881beAE240Ec7C8E
DSC MATES,0x128e795DaD31686a915aD2472d01534Ae9a0Aa07
도사클!!!!!,0x5C159d391DD293A31b49b48cB96C609495a53398
클레이자이언트베이비,0xe70Ba582CD92278D2116B6cF31B5cFA53fFe933c
DSC MATES,0x6c5731f95B548423611DF27886A566eD911e31E4
Treasures Club,0x92F50355e6E5bB89d760941e2AE30A0176091314
dsc mates,0xfcb260bb0F9e7de665B49C845C2C3e036F21E032
DSC 메이트,0x55049d8DA007F2917183f7b269127267D9032903
DOGESOUNDCLUB MATES,0xb3e68828087B21E7F535678506Aa55ac2762deF5
ROOMER CLUB,0x46353FF451dC154f60Bf8d3fF09864C3d8c477C2
DSC 메이트,0x7886d92EDD17cB2621e4f269a0E55Ca5990352CE
조선nft,0xc0bF78B6BbFCc58ED4ABb8dD2D46544b354811C7
메이트,0xB3339e3F977BfD3Fe207493d1334D42181993F17
이메이트,0xDca4ba4F8E6e4d20166A4dd327467849fa7CeaE6
DSC 메이트,0xB5C56d504d24C0253c500F4d6eAaD20ba8D98B4B
Ephenia #5,0xC66cf659F69496856f0Db1b90e567073E82845BD
떡방앗간 NFT,0x9584Fa3a814582244637ec6DD30e74c08f9001D7
DSC MATES,0xED7B48FC53c31Dc545F827F2c3b0C15BB42d994C
dogesoundclub-mates,0x74f869A084651A773dE24bDc1F4aCbE3ac6DA7e6
Joseon Dynasty,0x83f9479B7B49397EDF4f30FA29D6B73f5A262d38
DSC 메이트,0xA89BE9f4256565a4d148c3C65eAf7566a83A3B92
KlayRabbit,0x306A8C5f4a3BE50B5e624Dc8a7226311718481Da
도싸클!!!!!근본!!,0x6A6B62d9db9e93d03100caEDa4101acb1f1E1460
메타콩즈,0x37601a25e8b54FD7c0CFd5F51cDf5f62AA27532E
DSC Mate #3888,0x713ec2a2476ea38fef7d5adbc4e8260dc065c984
메타콩즈,0xff7b6fa86aa765a64B6F0fE1dBA403806BeFF6bF
DSC 메이트,0x1d3590Ed8157a403500D02DB4e09E9AE9Ced4441
클레이락!,0x24f9DCba9c5bfd16817ed76b71b26A4b8971F24e
메타콩즈,0x760be12C3b2ec7329c6207d5Bf1214b66816c398
Crypto Bands World,0x34e3d0b97F8f0a3a9dcF1eA71Fc9Fc0FEc59d4f6
KLITS,0x645F0bA8455514031D6B632d48cf8e88D3dE6De3
dsc mate!,0x5382fc5176c57d19982d0092660dec25b92767c5
Klay Mystery Egg,0x06f804A725A26Fd53924a85A04efB5241Acdf3fd
THE META KONGZ,0xdCC8fEBFD2FCD26626E93F74e6eB35ec1Ff87B3f
DSC 메이트,0xb26FbB58215FB7aC0e5FfE8c8e2037BC688fc447
MineralNFT,0xa6c7A5240e1F61bd27375ab926Fe915379D30797
도지사운드클럽,0x97Ce600f1edfA95904869dB9B22c8A6792838D38
Klitary,0x9b8d3597CC6Febc1C64B94B80e1FD77b815dBb69
MineralNFT,0x1AE17759B49fE0CBbB7320f42ecB1E10600DF24E
KlayFox,0xf43a43224E10a9d7901c9fcC51b4d57dC7d4E892
김민경 크리에이터의 위장인형들_빼꼼,0xedB5A39089b3f803BC8a43E505aE9D7C718E2Df3
DSC MATES | DIGITAL IDENTITY,0x6D92Efd882866F33e6ef104085E963eeA89dC526
DSC 메이트,0x52cBA93868b3EeeA04ee70bB18847b5964c681B9
THE META KONGZ,0x44EAEB5D7A9051d7019363541cF1bb1fb6f14B66
DSC 메이트,0x9d9E691c914F505584A45321E9727b680578D799
MetaFighter-for-klayth,0x42cD94557564C1A3D4b5Fc83768aC1f235d484bA
DSC Mates,0xF13E42c19Fc64DC16Fc20C73D67adB61133Ef52B
메타콩즈,0x14e357eE441e6868f2d3e396b9E132AC1751059c
DSC MATES,0xE30C2f988333D5c19903CD37CF1C36797D954A85
도싸클 메이트,0x582fb9bB5d5e1Abc246168Fb8d3F78D2C2987f74
CryptoCarto PinToken,0x044817A139c739aBe003aCC620da54187b6Ec8f2
THE META KONGZ,0x379ed6587bc19a77DfF3f2c9A5b7010fC679601A
DSC 메이트,0x2e5642F0fBa4b530E47656335e999F313Ec41311
DSC,0x1BcD6eb32d98243eF3Ff04e9eB9d7326A260103c
DSC 메이트,0xD7d6F5ABEEd3dA54161CC1a8eC4319c42f9bc0AC
DSC MATES,0x1825448575A3bD3228FB3Cf179D6E9233325ada8
klapes,0x17fA65a35f3ec2e62d9aA53F30E286EA3e8eb6f4
Land : Joseon Dynasty,0x8c5d8BC0a527665f975833d5ad687839C904D22A
klapes,0xC035a4c0e495cEcA847Ce0074F099D201B429Fc6
KlayDino,0x9e2ea5AAaaf337f941a20D17607834A2ecD48CFe
Dream Home Club,0x81ac0fE51e7ddCB20B2FB3CE5B681BF8473Bf820
도지사운드클럽메이트,0xe1254B33C9AA6e933d4216A223E03BFca54Fc1C8
KlayDoges Friend,0x65063efb56335A0Df50F8a19Cd8A0d5e90C969ed
DSC MATE,0x046B217f395CE4cF1E225a8BE896d35871A19cD6
도지사운드클럽메이트,0x19eedb95904384Bb8447e290310ece3cbbc4C2d7
Land : Joseon Dynasty,0x5954865f9f9ab269C3300796b78F52E79Ffa4B1c
SHEEP,0x3f505C85a61Eb7DE6B2270b73cE76fB966E4003C
도지사운트클럽메이트,0x74E1Df4DD079a769AC8C3c96E116e3cEfF5DbC52
DOGESOUNDCLUB MATES,0xA01E7D54F9211001A788E1d712cD648e6AC70d4C
ALAP : THE LOST PIONEERS,0x79fe9e7e2167C65bDA5e1bdc6Bb2418811Fb7310
도사클,0xBEa683063a7A8C434a09BF4C5aE61e54544a2447
도지사운트클럽메이트,0xD1A736b79E55B76809df2d2eFe6d141b83414978
CrayonBoys,0x2783907E491936db2A794F4298C9887aC5A8534b
THE META KONGZ,0x01c292597D1A4Cb837dd14E02Cbb0798bC14E659
DSC Mates,0x63F886218AFd3aEc91a1cA31fEa9eaB5Ebc8b608
sheepfarm,0xE2f9CCb51eC31D0Fd42aB11963c30a5Af8ce2269
DSC 메이트,0x668E7359fC2556d6dc3002368883FBd387c4E9C9
Doge Sound Club,0x6Fa8b43f12564C2D863Bda608CA4e7879068df59
클에입스,0xEf37F4C340Cc3552F1f678580C3EBD45dA069077
DSC MATE,0x95A658B61E0B42e1db6222C93AE954e847c02D23
정면돌파: 고양이편 by 김수민,0xECe963f95520c455C96C8f8f594cD98B45B1d275
KlayRabbit,0x799fd61fE08A2715d6F79Bb3b2Fb9CBAeb9EE6bF
DSC 메이트,0x3923b539449893aCdbf55A7F3e899D01aCC68590
DSC 메이트,0x83d118d704c110C627629d33da0E31054b8B7B99
DSC MATES | DIGITAL IDENTITY,0x1C97B2a685db918C9ed8B29c2266358162612B3b
도사클 메이트! 외쳐 갓영재!,0x2E6Fd2DA8D948a7F0Fb33EEb1EB709651d704EE3
DSC,0x83a16C5116D211E9ecFFa265C68f1597b10585dA
Land: Joseon Dynasty,0xCAAd44B511afD36bDCE6b5fF8215201984222357
인절미nft 발매되면 가지고싶어!,0x2193a69c0f2cdad9353686dfb06e3ac893b95356
odd Mushroom #4,0x91877139ED6856607b76AF1c72e832d94d0047D9
DSC Mate #8622,0xC6f5F969AAAC42d73c6E09e75B322fcF007baA1a
TODAYIS,0x70d5d3fE2A5AD89Ea7A1e63BbFE00769610805e1
Klaydobermann,0x1624a06d2Ac2c6c4961562Cd469Cfde7f6De7435
mates,0x9E0dBA59451e2243bA23806F797E1933e2aaa431
Land : Joseon Dynasty,0xa7923De5A8D65B4B92860e0E9f103cB61FB76801
트레져스클럽,0x2404B8100434335294b43C9a83035Dc09F8e33B6
블루웨일(BWPM)(클스왑에서 SBWPM 구입 후 블루웨일 사이트에서 SBWPM-BWPM 1:1 스왑),0x669694940be3502Ea2F986E928Ef1774Fc6392B8
메타콩즈,0xf88Ce692B9532b0C998EfDd4DB8275EeBCd1aF02
FEWK4teens DDOGG for Klaytn,0x3cB7F324d9B7DFF42138E71cD78DD29cDe1e73aB
RURIA NFT,0xE300D7e0a78A33971A5D99d8340B8D6D334263fe
DSC 메이트,0x5518CDc574482Cc5C6F02a83b8472f88e76B4C71
당연히 상품은 ~ DSC 메이트,0x409882C6F34f9E00f6A3063aF03426B954Ba483F
DSC 메이트,0x28E0663DB3d1C61f6a98623d4BF660B99b87a497
메타콩즈,0x4260FfB8461C14E9568FB6373F33ad987ff818eD
Animal Kingdom Friends,0xDF62dd873ae063A6DFc83898EB58b74633bdEc60
도지사운드 클럽 메이트,0xCBf79584ff79845cd19E42f0BEA1E649A5357e78
메타콩즈,0xf105f74fA01d9a39a315eeDB75a7068cdd70cFcD
3DMongz #0106 Beads of Wishes (부담되면 3D몽즈 아무거나!!),0xbAAB51C31BDC0b366C90f5f7Ce4c46c353b2A643
메이트,0xD52483a370De0afc4A1318814d3eb85b66A263Be
Klay Forest V2,0xE9d931775647b84C928578DC32250F998DF732D1
1000IJM,0xC6f5F969AAAC42d73c6E09e75B322fcF007baA1a
SheepFarm,0x9c6858A92D12b2863b7488D35d20D6D22e1a7c5b
dsc mates,https://opensea.io/collection/dogesoundclub-mates
DSC 메이트,0x10e09cD7693884323CB076081F220BA64Ee0D194
DSC MATES,0x21D6de1f8523c7e45a50834C26D296A97993F887
메이트,0xb56fd8408592B4f08De6E724d5Fc16D3e254fd7D
dsc mate,0xfAebFf24B90Aa80c0A8197b948c4Edf932D4C104
KLAY APE CLUB,0x9FD7d5fa826dfc29ba8b93B77d3Ab65E1DaE1171
클레이 포레스트,0xB542896883B5fff7f69D06BaBc2d35D1C149e5D4
클럽스에서 누똥바의 느프트를 서프라이즈!,0xe47e90c58f8336a2f24bcd9bcb530e2e02e1e8ae
KLITS,0xC36c885257d1Fde3Da0DCe94Ee96F149d2e35433
Klaydogesfriend,0x3dc5dDeB9C3613682d79C3e38b14CBA39FC7817E
friendscity,0x1114c0A4b40F3A6efF9e2ceAa76a9c91B56518c2
DSC MATE,0x5FcF10ff0ad4FF259A57EaEd2b56A2366420354B
CuteCatClub,0xE54e769928cf7cB4A3198E7a4E41FCe5B9337096
DSC 메이트,0x0510cc989f92B3d9D73d8b8AAf2e9caA16618faf
NewKlayPUNKS,0x1b1Ee1e5f087641eCe468E0AcB2570dc3B7dB986
Spoon Founder Ticket,0xaFaF8e9d4Ac0118FF0468cB78846060E6295d7D2
Cuna White Witch,0xE77C964141872229d6c32D8d661c5C5945Fdc739
Klayweasel,0x8A7f911031fbF34940aFdbDe2bfEAcF40441348b
military police,0xc38900622324Df7FfF60a524918BE0CdD2e5c018
DSC Mate #2062,0xE456643CD15D55Db6385cCfa646e273E7f7d5c40
도지사운드클럽,0x2C0dca6da5EC66bf37d1F91df476C0b8376cefCB
NewKlayPUNKS #2664,0x4F776a7FE83430eD0ea9234a02A7BC0b91d39d33
NewKlayPUNKS(floor),0x37B3314119E64bF02F5a5CAB0780bBD548C4eF2a
도지사운드클럽,0xc0453a7D5Be7290137B5E62Fbe43c481C33A151D
도지사운드클럽,0xD65450d0af2081341Ff1af30D73B22d08F45EF82
메이트,0xA4D90C717986bCb0A5234839543DEc8aE8Dda0E6
도지사운드클럽,0x5B459d8a956CfA91e53232c7e6e0F9dcaA3f3206
도사클 메이트,0x66a95231EEB0aD249874c9f0be983739BF6950ed
Cuna White Witch,0xd2E14D8A7e50f78dA1a364BCE4C4E2CdDef0C1aF
Mongz,0x38160f6Ec909702EB723741055E535743c3C290B
3D mongz,0x89CA2BaB2d52de8A6C8EB90197D1b9A57cF9c355
themetakongz,0xaa18963B25809b59256F12B93CDbb606259e39CE
dsc mate,0x4Ec6dc888AA7c31FD8404270D9B02bf14cac484B
1000,0xe79Ed48dcA236477413363FCA1DE9C92F8A2aF3e
Klaydobermann,0x45940F02f2A26f6c11AEE1B65B3F39Df189e6EE6
메타콩즈 비긴즈,0xf5fb681d16171BeD26935c457A36A3818Cca05C7
RockStar 메이트,0x56C07D24bac2133A1e432EE11F4a30E7Bf6629a3
트레져스 클럽,0x868DEfbe154792E8571774690a26421f80AcFdD4
CASES BY KATE,0xB45A1e4ad7Fa2bF5da5cBE97935899b9901E8D3a
DSC MATE,0xa67DfE42b4B9022D45cfF06Dc3a9e0eA426f142f
Klapes,0x1a8a49197218338082425e79A1d9b17943080631
조선nft(토지),0x989ae6D2B703128E982A1a19c4Fb9F29985Fe167
KLAYTNMAP,0x40BCa294dCb9897a00f02169d59A38088E960a42
메이트,0xc7060E0E90D27907CB6e51EF419cEC764A77043c
DSC 메이트,0xeC144F840758D16E59Df6047C579BFfdE3Ab4F7b
DSC MATES | DIGITAL IDENTITY,0x1f7cb1d13ffd6f7d5c982587a0a9ce6ef651194b
DSC MATES | DIGITAL IDENTITY,0x41d6df97ae1d213076cb844AE73D8F0048a28e3d
Treasures Club,0x2d80152E4E00B55023Ce52fd722F07cbae9e9DB2
KlayDino,0x1b0f0602e0e066d3fff38713BFF7F786c4f92AB7
Alap,0x978fd7f85ab34412b82c5ecb844993b18fac75de
THE META KONGZ,0xC37926a11B1F173050a4a1F3312A6edd770De2c9
DSC 메이트,0x18CbfFD15387Bd26112D8df43dDB0b3Ab841f464
메타콩즈,0xe4C4f8Dfbbe3a8FaF8D06Fdfd8873Cf36839D77b
dsc메이트,0xb15cdfc2bab744a4a4ccc74ce34d7baea68a5ae7
DSC MATES | DIGITAL IDENTITY,0x1E64A8BC4D90e5be214d2a56653E738b6B27fbf2
Land : Joseon Dynasty,0x732E73E91dDAd54BB683Dc5604D06c865536857a
루머 클럽 (Roomer),0x7d0FCF28e15D99F00af4961f94B6EcD819d4f198
Dsc Mate,0x5CA109bf3a55A82F557898ebf3bD6EcD067381D8
Klapes,0x4Bd9652db41766393C4a555e9b1Bc99c60566457
sheepfarm,0x0b50c32b56bE526D8CA0655a5C63A49E4A563073
HIST 프로젝트 전설 등급 NFT,0xB25E3ffe2308DCD12c634E7F517EC75e2DEb6AF7
Tale of raynor,0x033162eaBd9aA053173DeFd41C952b2f63cF7457
DSC Mate,0xb647E57804869b79Cc2ea74932e033127d0df54E
트위트위츠,0x2E29Fa251E080A5D7c08D0ED9b412415EBbeD127
도지사운드클럽,0x4f0C8D66d7B7622d513f3E2b9f4d48eFec2fFdB3
Alap nft,0xb4f0E4cEaB79942ebdc962A42DEC7e5D226377Bf
뉴클레이펑크(제발!)짖으라면 짖는다!!!!산타영재 안주면 울꺼에영,0xDC7A99A5476cd609120f163aD5fd31e7C080DBe5
JD Land,0x31DCa6780Dea994f23D140479a7A0158956dD22c
KlayDogesFriends,0xB4796D5249d27B7FE25Bfc72Df2dfE45f2cd4A65
뉴클레이펑크(제발!!!)짖으라면 짖는다!!산타 영재 안주면 울까에요,0xDC7A99A5476cd609120f163aD5fd31e7C080DBe5
DSC 메이트,0x906a355a2867fF0059E76685773C0a369153E4c8
Sim's Shithand NFT,0xCc1E737a65F304eF440A140E58290b0eb3eB82B7
KlayDino,0x51db151B03A82D0672083FA1D15c7F2E086358Fa
Land : Joseon Dynasty,0x90815a474f0f803c68168B7d26623ce6ab37DECe
메타콩즈,0xbAC24B73B345ba2f2aE4d7894c5E6771Dc7706F2
KlayWeasel,0x82f537F750F794Aa14A5d6fE67579948026AD925
Klay Museum,0x3CeBA1503756bAB40eCc90906838Dcb81c8ae369
Klapes,0x047ffC141086a30F2B1cf2FE1D0B3541cBd5570d
NewKlayPUNKS,0x3E5D479137a803028688baa09Bcf923eb86419A3
떡방앗간 느프트,0x741369D169A01D09b5390F9371dbda9ac3349358
klaydobermann (V1),0x838cBbF03Cf4d137F0e593B7e2C961B510141c7C
DSC메이트 Floor Price,0x999fE87274E07BD228AB60aEC88750B3a264F38F
Joseon Dynasty,0x892c41A4C898AB0CA1B4ff4fE0BfD5d33D0bC440
dsc 메이트,0xc7060E0E90D27907CB6e51EF419cEC764A77043c
the meta kongz,0x1a179E7A37E6A39dfFA5a77e7B6467E693945881
도지사운드클럽,0x865dBfb6a830aE6F2d6eb2e196a6d33825034fF6
dogesoundclub-mates,0x878e2E5e4E9af2fEFdac76835Df046D7095218AB
DSC MATES | DIGITAL IDENTITY,0x78Ab8c97Fd73EC69aD5FEE9EA70bb55B68C11fa8
Land : Joseon Dynasty,0x625d65285f2A7e6d689aA6dCA675B8555320B89d
클레이튼맵,0x58C43bcE18680b2dDE81E923F4d31667ED44E609
DSC 메이트,0xcE944ef024289CD6b834a9e17dc03b1b71C7BF0c
DSC 메이트,0x86fc29535f70C5C8ca5692803f3383ac7B95322F
Animals Punks V2,0x111f4aD1b4e0E6DaAC0b38936797f1F13B4E0916
Klitz,0x14EE8b506462f39137b884F6383Aba6faF732cbd
DSC Mate (floor),0xF4F075B747d5D40Eff051E2696aCc8863ABc3F8f
Roomer,0x73ee6ac7f9321c301019edfb8f384a82c6856167
SheepFarm,0xcde944406Ce5Da6BEB5008D0d280Cce59a88e00f
ALAP : THE LOST PIONEERS,0x14296b3BBEEfd21aEEa867A7042bc740f2F4D046
KlayFox - 0196,0xB0eCE02086308C7079688fb1694f382D9cD8e52E
THE META KONGZ,0x2A4CF46bcd5cf46dDA79dC6eb71e12aE8aC81c4e
THE META KONGZ,0x1fEb2bBd94D15ACcE366E311396706e576858D34
[Treasures Club] MASTERS,0x7fE68eac70aF11EBBA2b8435d2230C5F6a17E289
ALAP : THE LOST PIONEERS,0xC7A3249c374F234770648cDabBc03d4024fDEfDd
Meta Kongz,0x98e601656a9Fc94EFF9aFaac5F256c51E937A164
메타콩즈,0xA9435E652399d86F2b974BC3097d9d8B876d7C2D
DSC 메이트,0x553F0D96b18cc43D0791B7FAEF1c5231FCD3df96
MetaKongz,0x38DCC13e7815F46ff0206EEAe584807a7676501f
DSC Mate,0x2a5082ba62bAdE5A5D212B8a12DfAf62B3F2E7B3
메타콩즈,0x53e7D149C1E48b5e0608A42F2743f2410139cf7b
Klaydino,0xcD797E5dFa53E43a10c440A6E4BAf9aB90EB9A26
dogesoundclub-mates,0xe64F6e298e4aD941f0Bf8d3eDab3187Bc103ba2A
NewKlayPUNKS,0xAd2a6AAadb9feE898F6b13b988581713377073a1
메타콩즈,0x9eD415c2b56BDbFc47f7DE331903e23323677583
DSC Mate #3363,0x5e90F820086255D9842931D45DB143E21Fd02F0b
도사클!,0x866Fa3B333e9f45d7ae3a8f4acbef90Ed176D5e4
DSC Mate #3933,0x7aA5BE4Db2df61aD9216aF2367ec2e83018a30A3
인절미 느프트 나오면 주라 안돼면 다시 돌려서 딴사람줘,0xaA5DAfF83606Fab7511aC0C3c3C6732eC14a7764
KLAYMINER,0x2Fc4161962B536EaE9e558AF7f144ff65Ef34090
Klapes,0xec056672cfd041387c5800c4c51881f533d49a8c
메타콩즈,0x2a6E1D2F754ac5A17b0909A03D3d6d4BAF93617c
dsc mate,0x7CEA9d6706106413Ee127e5f3Ac31633343eB115
Klaychicken Sunsal,0x34D8e59ABBe2666b59FC19f83fc45E86A4365129
DSC Mate,0xFf90008E46F3a524BA563AbF6eE1a60Ef2a0e503
animal punks v2,0x8Cd4c06262bAdE10d2869bD3034C81d4E5442d64
Klay Mystery Egg,0x29F8aefCeEbe06240d5594803dfB58fb95A5F23E
DSC MATES,0x3ca93554ebfa8D2C2f4Bb06430D849Cd1fAAc206
THE META KONGZ,0xF21F2728073dFBd2C2115E63714E1CC4C128E364
Dsc mate!!!,0xcC9aa6fEF22A92693A895dEfC7E35435d0Ce39e4
DSC 메이트 / 해당시점 최저가로 올라와있는거,0x945895fcF659B39665ed545fb6A36589Ff729950
DSC MATES | DIGITAL IDENTITY,0x5bF3466c74b60992Be1e4414705887E43B9a7952
dsc메이트,0xE02A7E6a1021DC1fA758aaF40C14d141894237eA
dsc 메이트,0x6241743010D1A5fD432b5517F41fb3ba9cFb848e
DSC MATES | DIGITAL IDENTITY,0x01147255BF6Fce6F7d57aC77837D4dAc2aa23bBC
MetaKongz,0xA7b8aF3aCc4cb4B429009E9f5049FD82C97f3B87
전병삼 작가님 LOST: 신나게 춤추는 카카오 프렌즈,0x2E61a287B3C75192D8351f89E2c9889DF5698DD3
도싸클 메이트 / 딴건 됐고 나 메이트줘 영재형!!!!,0xc084092b87787eaEc0ffE088fe53C20EC7A2B428
ALAP : THE LOST PIONEERS,0x12Cad73A45498aD8dA3efb2DDdE96E7a76A61115
KLITS,0xB5678cf6a01c1A3C1704c49212685be1442470AF
Meteo Pebble,0x79Ac0cC5fB663EDC5719FdDeE8Ac56FD858aB8fc
DSC Mate #5957,0x5728777986E43BB92c4C100fc3Aa5472Ca4FE6a5
Kongz#4544,0x37c85a667a3d795890317A46BAB7DB3A8440930e
메이츠,0x5728777986E43BB92c4C100fc3Aa5472Ca4FE6a5
도사클 : 정말 갖고싶지만 저에겐 부담스런 금액이네요. DSC 일원이 꼭 되고싶습니다. 염치없지만 신청해봅니다.,0x46d9B24975D0eF2f68C680C6d1D393c407b1F861
JD People #375,0x3962b43363A8Ed8b2406a5d7f55D2F6EFDF8036B
klapes,0x7F536593b3F1aE7bE6f841bb4788fCCF2e83234f
emate,0xE709Fd1FfE956D59E94c6C968E7Db6826e57e97d
DSC Mate #3178,0x5cFBfe255775DA82eA99DD5c297Ac88ea240388B
DSC,0x95c70532c5e64F2cFdd92B47CB089a8D9B2B42D7
메타콩즈,0x65985dE52A6a386Aadf36c1F0a677Ab7C12Daa96
Doge Sound Club,0x5abBc51e5430a6976e8719b23a76bdA9A95Ec797
KLITS,0x4d74fD44468Ec37EAcDD55972D75B7216F685Fb7
메타몽즈 (꿈은크게 ㅋㅋㅋㅋ),0xb83af6A875c6e5c0ae339b1809fCad313201c592
DSC Mate #9586,0xca4988ED0853e81fCa1Cbff3a1754B9b961fD6A1
DSC Mate,0x0b6Fca87CCe28669915fed27F49ac51014d14c0d
클레이폭스,0x0a1216299125eADe7c1aa16278b97B9772A5273c
DSC 메이트,0x1aeC8Df5d7aF1d26Bef1b81B1E4be098aa275063
Animalspunks v2,0x39b6ba8022394b921E9e9c73Dc9828Aa1dccE50F
DSC 메이트,0xD1FFAfB6892606431A2B98E47B259438efa82A3e
dsc,0x902FB7ceb06dd4E71FbF3679a6B699db978eBa2E
DSC 메이트,0x73a1894f069607F7aFF8987DEE276424e548295E
Dsc mate,0x1e0aD8e1C84034B1DA8C8Fa7Ac7c0AAf0b16E901
DSC 메이트,0xB85Fa8BAd00A727444cab7B6c51c03a9203250B0
도사클,0xa6bC0614Ae72d8189f53700e5B9b62D23bF115bC
도지사운드클럽 메이트,0x403c2d9efa6714eFA1b2181DD4a026b5d5fb9105
메이트,0xc7e06f2C27E8FE4f57F33c3e82Cc313107e467c7
DSC 메이트,0xA21540aEFdc94b4e9a622015D6dEFe132b5b56b8
DSC 메이트,0xb928832fD1f4d4b83A62C41597Fd15C68f879833
DSC 메이트,0xD265BD2e3aA485A8744c12675F4d206706D62735
DSC 메이트,0xaE6cf3B964dE2B84aa4E26cC8b3510464E2036e4
DSC 메이트,0x96967043FE64786B7bEDB70855f6cD4365e34890
조선 다이너스티 NFT(한성사람),0x265D93C50178857c6BE5e64e51363518A25ae18e
DSC 메이트 !!!,0xbe688B58f952e7Daba60d32ABB850d48bd16854F
HARUBANGs,0x0edD98BfcF021468d305FfF872B9bB9F6406e1D4
Land : Joseon Dynatsty,0xeb500BBCFd008b0287e0C558659b7fE3A48ae9bd
메타콩즈(MetaKogz),0x033626b5D717aeba9A92E23E436c23b1203610E6
이메이트,0x6d8097681B332e13572865d142821518fBf71258
DSC Mate #3363,0x500efe11Eae52F6d9e1947d24Efd658C22e57a98
kongz#8656,0xF4F4895987fe1eB3E639772b51f7225FFe9FA062
DSC MATES | DIGITAL IDENTITY,0x27255b435fc358e2de2a3030b64e6dcfb14c1f38
Alap,0x7Ea371Aa8229b2D23C018e1f9B244462673295c9
DSC 메이트,0x7f2d297C16a7cbDF46Fa1831bE873e661eCf5E3E
klaydino(클레이다이노),0xd69BAec2dfb33a74c70C7613A31Fe5D379761B59
Mate,0x5C518311B80e895Acd2ffDFEEA12D10BF2487f60
메이트,0x20253E7376Fde5cA2612f9AdFd432353Cb99DFDB
KLITS,0x5CA109bf3a55A82F557898ebf3bD6EcD067381D8
ROOMER CLUB,0x5CA109bf3a55A82F557898ebf3bD6EcD067381D8
JD People #983,0x1C872aFd58E24e4E5990f77bD2025394EB78A585
DanielPunk,0x5CA109bf3a55A82F557898ebf3bD6EcD067381D8
Klay Hamster,0x5CA109bf3a55A82F557898ebf3bD6EcD067381D8
THE META KONGZ,0x5CA109bf3a55A82F557898ebf3bD6EcD067381D8
dream home club,0x4754975AED0ad9d2E9F6163799508D74DeC00774
믹스,0x5fb09cDe5Fe9eaaE4382b7cF5E83F7F2e1CB1852
DSC Mate #7444,0x98e900103621E6C52019726eEE3461A912E267F9
dsc,0x90AFAE2cc5666fd6F494636B498De7aF9EAEC0a3
DSC MATE #4232,0x00958Ce184dFd2c1D479C8A8514Ff7c452573C4c
DSC mates,0xe7b3f36504E65E33551dAD9bB85Cb7933E8F15d1
Klaydobermann,0x557790A26E68525A9CE154b18fE2d6230DCe7Ff3
DSC MATES | DIGITAL IDENTITY,0x3C4df733a439c37292Bc47945b65490d6dF69ab1
Joseon Dynasty,0x9b365ca2a3fd08F9EC57cD4b7f2605059CD93134
DSC 메이트,0xd7f8caC7AE9C09D562d182823D2AeFb7993Ed067
DSC 메이트,0x70ad0e6a80e55B459FD69BDf748287a0b46036b6
클레이폭스 v1,0x63bA8872f2C44c23018b532945E70A3Fa1707A3e
the meta kongz,0x33BeE7Ec88c29fcaa9b89CA3579d3D44ae5207eB
klapes,0x8c2848cd222cE44600f8CE9717c3EE609fb6b193
THE META KONGZ,0xD3de0ac4029FB41b12601CE96024C1816Da6eaC4
케이스바이케이트,0x1ceb7390a6dff7c3555331588eda39ddb04b39ef
DSC Mate,0x34FEb537D6050b0dbe08BB01eeAd7DF63E4FCC1F
DSC 메이트 !!!!!!,0x0c615E579ff2C4b0AcB3a7c4dBdD4fAeE0c3ECA7
메타콩즈,0x4c1054FAe1BFfC440B52D6A4b04679e5fC4dA2D3
DSC MATES | DIGITAL IDENTITY,0xC66b35A6587f64c8ea750A0e3123bE606344311F
PerFriends,0xBFB1AfE931Df695774326Eb249F9D92145E49B56
DSC MATES 다 좋음 ㅠㅠ,0xda934e39944349103927df3fd00828b29858cb62
DSC MATES,0xD8052A9b01B64aCD65C8a6Ff91736C5ae2dac464
DSC MATES,0x38B3A81b086A061f128A74B33c73AAf472681e0B
DSC 메이트,0x7D485b5A043efd2474c55D196e4CC6e5D240C548
메타콩즈,0x7B559fa25679d14FB1ffB02F60bB2Ee9875221C0
DSC 메이트,0x0Ac0e818D0b164C042C1575c1a3FA1e73DA67637
DSC 메이트,0x1e216A40fF9e604C55FCba1409405B7e04e9Be69
Kkakdugi Universe #77,0x77367B82123889386F36a064CdBc19005F06E150
DSC MATES | DIGITAL IDENTITY,0xfF1b0C98ac436CFb44816768f3D235Cfc25c2998
Rabbit #2504,0x6624372cF8D421c617482a6f712139AaD7D30D92
klay ape club,0xd9b1f58800c11ba9b657309307ff8305bb8bd9c4
메타콩즈,0x42c643f93FBA9aA426aAB1E2d0f68903b45113fd
트레져스 클럽 masters,0x5043D7F0462F68Cab87dD0CE136c78094Ff1AA2d
dsc mate,0x9544f83A867677f5878D76EcD76AbD2231Cf5670
JD People #392,0x1ae192e515D90fA048D7677fD9C649c6a5eCE5C5
트레져스 클럽,0xA380EF72C2cC2d07FABD478740572E3d6C7AFeC5
Joseon Dynasty,0x310778855E6c98eb0b9e74bf6E3618204B92f693
dsc 메이트,0x04AB61e453BBd5A8744DC09C62a605efde3bFB2B
DSC mate,0x264f6795aD709fe8a30A4a6FD8B00793E0312cEd
DSC Mate #976,0xF7Fae907468dAfd89B734624144319C42700d02F
DSC MATES,0x35d6Cd57f4B6D561ad52f8aB5E9E10E6c159aa5C
클레이다이노 KlayDino#124,0x5b409173CE569eDC3Ba70e33dF041db0bAf6C8D5
DSC Mate #4666,0x19938b491f4269428e370e73afd69ac2cc6e7d93
DSC 메이트 Floor Price,0x5B3ab3847F2847a58F2AE385C9e02AA176D146f0
당연히 메이트지(근본코인 !!!),0x474F94e0CAB6f6eF7685f12a3b434211de03ceC2
도지사운드클럽 메이트,0x89eff9AA673786e9C5CbfC1154f86fA6BF416Cb9
DSC메이트,0xfCD54851Ee79562847b71561Aa89E1e4612B5f26
DSC 메이트,0xB0Acd01394c61Fb16C17433A3Bf103358d4BCF13
메타콩즈,0xc275f903aCd4C1c4Ba4648551111CC3ac9E9E97B
dsc 메이트,0xd1204E7a9B77f6AD8e5A43b19999Adaf20BfC2Be
DSC MATES,0x935D45051f943b96800c842B2E6ff744d6cA219e
klapes,0x9Eb1eBbfC01b0D6186a9be5a78cE143FBEBb964A
DSC Mate #7875,0xEBC808A635De0ae0183760bcc7C0B30E76534e65
Cat town punks (RARE),0x7FAed9E1A65b54fBfEcD47BF47c93d02A5532fA6
DSC MATES,0x24d3bfDF3F4CfbdA52B0c6E8358974f252593e90
crypto bands world,0x17633cC7F9aDaE85D857745Ed61A274F722B7297
mate #2177,0xb35EDC5c5b338661F5353294d1A985E9543C6467
DSC MATES,0xEa4c02a38e236d630286153Fcf6E3Ae95F2De5db
바닥인 DSC 메이트,0x7B4Dafb6E885aB364b1dD5278092474d020bb879
KLAYFOX-0081,0xa7087e4F3A1CBce9f548A404E459423804Da0919
DSC Mate #7508,0x51125bB6089d4A5BAfD5223b34268136950A5E5e
더 메타 콩즈,0x8d13eC7d1a91cDc00a13d624924424bb764252c0
Klay Hamster,0x65915164578c95baFC6f2F40715B065d90ba6990
더 메타 콩즈,0x8d78DCe277db8B79df06ddBda30ba936ceE1C067
더 메타 콩즈,0xB6f918CA0597AB2543C876d816bc41C5bEB81d77
더 메타 콩즈,0xE70829b50C0a68F805c594b4B6490E07A0937727
메타 콩즈,0x2719C5BCfaC0397dD7a771912c5587158561DC63
메타 콩즈,0xEDcc36d14EB81b007f8F1509C6e9723DDB3fC397
메타콩즈,0xa3F1ace717E21A61F0fa584755C30fDb4fCd8EFF
DSC 메이트,0xF741d5aD7267C46574787DC2207c03a1FfcA4eFa
Popo #1451,0x669694940be3502Ea2F986E928Ef1774Fc6392B8
THE META KONGZ,0x33BE9F4D5c135bB47acdcde7740a3072CF220465
도베르만,0x554F83B9F945F60F4C1d042a8Be2C7860716e690
DSC메이트,0xE95383b2FD2c1f45E7DDB74EeE0Be90e89B0156E
DSC 메이트 중 젤 저렴한 거,0x26207Ce27c0ABF26e808f896240a331e569a0D6A
도싸클 메이트,0x2Ce03cDb04f4011d4AD64Fa8DD8062125197B28d
DSC 메이트,0x4e838dF1f31a080B0Bc2ED08Ac82F92D28Ee27f8
DSC,0x9B7Ef47957B2878B63bc0246FcD675C99D28584b
DSC 메이트,0xA89BE9f4256565a4d148c3C65eAf7566a83A3B92
TIME NFT V3,0xa6d73290aF717008Eaca7e00333e374511Dc8333
DSC MATES (못 먹어도 고!!),0xc8ee23d8e9393cc8fd9e9ae81a0bcefbea469af0
DSC 메이트 (상한가 있는거 보고 변경했어ㅠ.ㅠ)),0x7e78c04108135c649F80949974bAf495627dAeEA
Cat Town Punks,0xa1d89EBa3Ba998d4f46D0d9AD915eFEcDc4A5E45
매타콩즈,0xFd5E0761dCbb327dE4F1fBD064E5F39250b972B3
THE META KONGZ,0xe0ea8c9ec46f63dbc209738750becf5650eb157e
DCS 메이트,0x1BcD6eb32d98243eF3Ff04e9eB9d7326A260103c
KLITS,0xCc467df87D2C601E249f66d2d77C282a431D4A2A
Kongz#2448,0x5A41a1477acBcB1e6a83F330821BA6C3df90A931
Mates,0x43422775Bb164e11dEcA822d79E8bb77cdeB9796
DSC Mate #7071,0x500efe11Eae52F6d9e1947d24Efd658C22e57a98
DSC,0xecD06250316DAD26A708797644650Fa17cD41Af0
DSC,0xcE155817Fb74b91e8BEA7FF928d1E5B7eF8a4E52
도싸클 메이트,0x49c51B35CcA7C41DA195DE19F6fCDa3ff0BcAbA5
KLITS,0x0c5cA6e04416E8e11fA1A6DeaE0CDAA5e89441B1
DSC 메이트,0x6217A6CeC75732e524690DE3ae02b92Bf21400A8
metakongz,0xc025b8063A23D3A8C85EeaD1AC455730570036ee
DSC MATE!!,0x1a9330c3C0E2f572388e7c3B78eA8855BC0AB972
Metakongz,0x264f462E518E2D851dBAa7D2e932d4023B587E2f
KlayChicken,0x5180DAB3BEF60A18CD5D4445999Ba7C4Aba16fE1
DSC MATES,0x2123951d7b5120a7F2291CE5F2Cdce1422155576
DSC Mate #6393,0x74CC407D5451930dE06FBBC72Fe418f0e2925036
클레이폭스(KlayFox),0x74E6115DB0bF8C502b2bB2eBB4Aa7151Bed10a1A
메타콩브,0xa83D143E3b095d3a7fA6F6fedFabcBD7Ce383A64
도지사운드클럽,0x6dB7Dcf3BF7116E34a1A7535a06fe544C017C136
Klapes,0x416384795E29fE58288a87a649f5A78204c31d78
klapes,0x8B27f59646994b2FC2F3bcB0361AF56988C63479
스카이,0x12CE63ad10929BE03Bc73fc7698F315df6E20914
클레이프,0xc8030BD136bbcEC120bE87Be589d4FB4e3f74702
Klapes,0xf85ac45b675671c91D428B05726f3176683510bF
DSC 메이트,0x6250f00b91eE92fD5a05939EE6De2590d1310FC6
메타콩즈,0x896ECB404542F67d99A9012d1E76Fbf5B729E28a
DSC MATES,0xa020336a66023Da03f2fE5b7Fd261c52e18823f4
DSC 메이트,0xA1ce2BFCf124EBC62a479dD930d24Aa4d0b3B995
도사클,0xc2f2450791aCfa47609496B894C29D2738889E71
DSC 메이트,0x502AaaDdcD6E2d36e770D7FF4d58aBD67F9B256b
DSC 메이트,0xdD6585462b5b2d433E0140933B783B7A3d567019
3DMongz,0xB86602939b71Dc66Aaf64774618A60072db04618
메타콩즈,0x152DFe0Dc5c26cbF85cA6536238a3288A566adEc
The Meta Konz,0x0Bf8247C251D506e16b295CD473c44A37F0B8B8B
dsc mate#7071,0x5e90F820086255D9842931D45DB143E21Fd02F0b
클레이폭스,0xaF628C4930aa6c63D15EB970Dc7d6cCA08015542
개굴 소사이어티 클럽,0xA33064E46806f3c54804eEFdCfC7426555281682
DSC MATES | DIGITAL IDENTITY,0xEE43800250abf1Ea32fC86fD8e8336c889cD45D6
KlayFox,0x2cD9A6Cd21594b124cFb7EF469D9F80F87BfdD47
THE META KONGZ,0x15f585AA571Eb1b1eEE096f30620d142926583Fd
도지사운트클럽 DSC♡,0x25c432e9efde2df91cb72cc176613a36982dfaaa
THE META KONGZ,0xc4FB22CE755343CAed2EFA98426887328730b821
ALAP : THE LOST PIONEERS,0xc414373123A2Ba945B4d05FDF41C48603E1E1c20
DSC Mate #4649,0xF1eD45918A2BAF72D6EeaE5A939351d639165Fd6
DSC 메이트,0x23636c892145092478FB2b552A36c1eF77e34022
DSC MATES,0x8997331d2ba36658F04Dd0961336FAf4f336077D
안녕! 나는 최초의 믹스몬이다!,0x4c332aa2ea51Aa9aa919911CCa47852f777d5E48
THE META KONGZ,0xf5C417A8722f17EAc7582cba0c4fF790E153b9b7
KLAYGIANTBABY,0x9B97C852dcbb107A355f3F6F98ABB3e4144141BB
DanielPUNK,0x3FAE27006F4110b8427A9541439f33d100BdF876
KlayRabbit,0x47702AfE95f0bA8E864e42f220f7c083c726B0BF
메타콩즈,0x4264d46287E5ae962291005205AecF812d9bA3D0
DSC 메이트,0xAc3A80e2FE06FA68eea89C1962Ad791aFc1bB485
SheepFarm #287,0xc441d52bF3933a49F590147006b954ef3d878Fe4
DSC MATES | DIGITAL IDENTITY,0x977058A874921b8834a24d145f0f89Ec6600A646
Joseon Dynasty,0x0A235762572CFC860d0123eDD76140626FaAad71
도지 사운드 클럽,0xD86719c1A12dB4E9692a7D672318cb81Ee7A5d45
3DMongz,0x426F8Bb31A7E0240da201dcA8006c31F2a6a6D1A
스페이스 캠핑 클럽,0xD2e7BE5229267621e9cfcc4Afd0ccB12d0455f49
3DMongz,0x426F8Bb31A7E0240da201dcA8006c31F2a6a6D1A
DSC mate#2177,0x5047A40E5C6912a5bD8FEb1De322623A322613F7
DSC mate#2177,0x530Be69a13236d0471D6D5D29F2309D3b9d2fbAc
dsc mate 젤 싼거,0xb35EDC5c5b338661F5353294d1A985E9543C6467
Mongz #2419,0x7aA5BE4Db2df61aD9216aF2367ec2e83018a30A3
Klaydino,0x792C5b84d9ADf146700F6C41D845745577d00C86
DSC,0x842FAFf5623C121A7C97B9fCc99322A7B26c0E77
클에입스,0x4E73de69A702eCb212c412E01f5782255E0316f0
JoseonDynasty,0xD744182C44D28bf986711FCb8821b1DE0Bd9C34F
Tiger and Winter 04,0x7aA5BE4Db2df61aD9216aF2367ec2e83018a30A3
Pixel Cat,0xB504c8c30ec3Ec370728Fcb5EEB20aC92e9078a3
Pixel Cat,0xF8865fB552941118c4011Ea8f6f8A569E13C2829
NewKlayPUNKS #2761,0x39AFc8529FfeFfb37FFa2e7315CD3420e19fC362
KlayDino,0x04E85DBf728694AC8b2999e4E2195a3A314c1780
KlayFox,0xBaCdF50F0A2b0fac69EC1545dE4a1C582d91d5E8
META KONGZ,0xf1a94eb71Ccf3e568471053cb98DE840C3FC0C9C
ALAP : THE LOST PIONEERS,0xE45F727fA8672F76aaB46C44E9e5c8f2E554d43a
KlayDino,0xDb47aDcc4CEcE42f7b05F740252A94bC686f5D27
도지사운드클럽,0x433D26ec5db61d4a8c0E509149C9ab5748c08295
도사클 메이트,0x5416c16069a0A31cdA738B43377d157e05A5599a
3DMongz #0138 Christmas Edition RURIA,0xC5aA1bDEBA15859A02d0273eb01578B13427EA9E
dsc메이트,0xd54F7A38a725b9b46D1Ea7e12fC7bd254bE83Ac9
도지사운드클럽 메이트,0xC7E2490aF243613bF58EFbd2Fde13b54161DBC03
도사클,0x454B245a3C695445D8a8cDEaA13506d1D4b8Fc42
Klayfox,0x2aDB5c8f03705dB9A37Ed081fD04b5FCeC53f7DB
dsc mates,0xa04Cbd1DaE79e14B27C701F9FCce2D5872e39dCd
DSC 메이트,0x24EeF54ae5e1CF891bb74535566457b32E4e3578
클리츠,0xD513Bc6731E13D8145080b3B325a09923D37dB14
IJM Dance,0xe5cF25809B33b88F399426068092e22BabA62ACb
ALAP : THE LOST PIONEERS,0x69dc6Ba099ADE096fa63C5d593FDA76fb8f2f3C1
ALAP : THE LOST PIONEERS,0xc7bCB39cD6D95eA75B0a890feAD2F62f5C055B4C
Kongz#1967,0xeEcB436272d0b441b18bD30B7ebb01edFEd1D2c1
DSC 메이트,0x3BD42E1b51338e420C2a67a5f1106aCFb2A9C0F0
cases by kate,0xC5b389cb1c87DC11c8E002FacEBB79590Eb6c549
메이트 3911번 ㅎㅎ(내취향),0x0e31c66b495B3f394E424E4432A8b85204243306
메이트,0x45DA1118B7c23E4dCB57439980c227e9a0EC79b9
Klapes,0x527Eb0782C72B696CDC0AC1F6ADf5b7C6130E804
ART CARPET BOMBING,0x7fF63e72e8C955F749aBf8a25DE667Ec0BC51D0c
DSC Mate,0xFE5f28feC9776aAC5d6d305f581A2608680Dd11E
THE META KONGZ,0xd10351e12a39453c91f42CF087Bd028f351143D5
DSC MATES | DIGITAL IDENTITY,0xB5f7a002e83b96E50FB1366deaA268454f0Dd3Ec
DSC MATES | DIGITAL IDENTITY,0x79FFc0240A1BD11d0EBA49c0eC20d98D30f37905
Klayblox,0xef6021ef8aAB073Be13E961e2e4C2a30Eeb416Ea
Klapes,0x091eB97Fc0CadA0f756Ac32fa71730f7E5B81f8B
THE META KONGZ,0xE00D30f2acbFabd9B3c64e72D153eBA6a2B571b7
simflower_klay,0xB1B7c3200f897208Cb621E8AdA1910aF4EE36303
Klapes,0x0A07D34a6762F5b602430735620Ae8D31B9AFF0c
DSC MATES,0x899c94751Db58Dc53a7D4D5D924F7FFFA3746c9F
DSC mate,0x1EE7673394A0fD27453f6D4d9Fb3e0F89364045b
도지사운드클럽,0xd6b08dff3ddfbe6df922effad854d13e9d7b6e7e
DOGESOUNDCLUB MATES,0xBAB4D233ef135b82f4F7bf863E47178EeF7407e0
Joseon Dynasty,0x574119b0A573e1295a99fE6a8D802f1CEA9e4ad3
KLITS,0x3eb59558D2ae2B9130033220Abc2DD925eCdAe25
the meta kongz,0xFF042380E96076e65c377AE252e1D67A74aCb4C7
KOH:EXIST by KOH SANG WOO,0x19f0FeB221f00e99B7D2342d5831332070FE2da0
클레이폭스!,0xc202815A77d258f3cc7B9a43DC9BD56F61c43D16
DSC Mate,0x0cF5C3cBC8649b18Ff1D63aE2f556662A06Ca446
DSC eMATES,0x7Cf10a02c77B464cC6Ad405a9Bc2d0d4bB7D6759
Alap,0x6378AD9506ddA65C2045f77D157f8eAa1B28ca0e
DSC Mate #3911,0x7253604f6fD88Bb5a2f2b356FAF2333Ff0016A70
KlayWeasel,0x54a4b4bC467F1E837ADC6BD975a7312712bF7b94
클레이다이노,0xe59d1fdd577C50c74C44e5C053BC2a420F1c0175
Klaydino,0x0E78efF37270Bcc8ffcd4A98C12c2cE0bA47F9cC
DSC,0xDca4ba4F8E6e4d20166A4dd327467849fa7CeaE6
DSC MATE,0x4454Dc060352680fF151B588eFf4cb70842E590F
DSC Mate,0xeFAe6A0501Db63342b9080Fb3FeC0223700593d4
떡방앗간 오픈에 설레는 참새들#1,0x5fb09cDe5Fe9eaaE4382b7cF5E83F7F2e1CB1852
클리츠,0x4dde44157731626399B22ff78d78047fAE8a9140
KlayFox-0231,0xFcadd06822a40681022CCb683ce61c38eb500A2d
KlayFox,0xEF1A9d9E694818b6499e4A2040dDD6926dc39971
Skater bunny,0x73A580Af727f9996ab7F07D00093edb6c00D1c18
KlayFox,0x08289d723DAC68C1Ee835C0A7D1f8394B95F1C2f
클레이피스,0x4B3957A4E85C7B5b83C0601FAcf832CDc2314Aa3
NEWKLAYPUNKS,0x4396dcCC4870BB7C5cfe918490B555765faa34f5
DSC Mate #3503,0x1DfDaCE8A0ac2FDa853f5a447fc5d3B458f3765F
THE META KONGZ,0xD53beE17782D9F73255dc099D2B88416807dda07
DSC MATES | DIGITAL IDENTITY,0xa5D8075B8ccc438C8e75682d17877F5534D4AaF3
Kongz#806,0x5F10e53297F6496487e9d5255867Ac762C169703
DSC메이트,0x4ad2b612A71c76b2c200152896580815864B8616
DSC Mate #3911,0xA11cC5eAfDDF917a8120F016f6054ACA487d2e13
애니멀펑크,0xC2707163C83C52F18d0BDdb256A2F37353dB01FC
DSC MATES | DIGITAL IDENTITY,0x92B7622406D499173fEcB25C2252058aDD80735E
Land : Joseon Dynasty,0xe64996C0FcC0Af8eFd26E983459501a591221368
KLAY APE CLUB,0x1E002A3e5FA7f7f33dC55cE65ea24Df86cf90Fa0
klayfox v1,0xA2f2412F225d269331daB35718E571FBDD46690D
로봇초상시리즈-퍼스트건담BY찰스장,0xf391f3b3d76C7D3F98F34B53bf8cAF3E8b3C9C06
klapes,0x59B725418a4Dd614B7a16B3331b3Ba38636c3728
도싸클,0xcEe76dCC7E9001253230be7980F388b71D37cecD
도사클,0xBdF5ff6bE8B8663762fACC025FbB963120aeB2d8
도지사운드클럽,0x967a68a5d0365F046b30c766dd165C3731470BBF
클레이폭스,0x6E0aE2907687221FB176d8b057F6397f593d6469
DSC Mate #1340,0xC999B14A266adD615Ce5A62136d49F01198cE56B
DSC Mate #8817,0x7aA5BE4Db2df61aD9216aF2367ec2e83018a30A3
Alap,0xf4F6542aA9107caE3d87011EDCCcb1D48e01bD0A
Alap,0x610426cC1776ab747572B8f88f71CD08b3Ccb097
THE META KONGZ,0x5E449a33c5651dA642E1734E4a4Fe0f1Fb59a938
3DMongz,0xF76DFC435DaB76C74210a385F522FBB4fc3a55a7
3DMongz,0x9420D201353f22841C9AFF246B1D13724e294306
3DMongz,0x94B8234D00110fF970262CB0E5EEf8cbDfdcb972
3DMongz,0xd0f0424D0aF717f11ca84F3430105a645A88F443
3DMongz,0x1c1039962d71Fc8B1f514a3EaA0A49D52A01f153
3DMongz,0xe0dE412b979D4A1357bD410381EcbDb3B93e76bC
3DMongz,0x10D6C45b9F129D4f0ebC4bFFDA0449fcDeadEac7
3DMongz,0x4B481dF517222D26250aFb7B99B69B0c6bA10Fda
클레이다이노 KlayDino #248,0x5b409173CE569eDC3Ba70e33dF041db0bAf6C8D5
Klay Ape Club,0xE8F17Fc4b53Fa7d1C789c21c4B31Ae745925C844
dsc메이트 ^.^,0x650AB33AB2a4e047caC9C177a30B6811C7855e4c
DSC 메이트,0x6fE286BdE91b47a9Cc4d2f19F34cE08Aad8bE75F
DSC 메이트,0x599821DaDd971eebf6e2CB34646ca9bc36038eb1
ALAP,0xB4e52bCbeBa81675334473C16C76e392bc21B0Ef
메타콩즈,0x9bdA5ab50e3318Df657fe4fD476b3194A38624Ce
DSC MATES | DIGITAL IDENTITY,0x1b9037637e47bA75267D67610cC6Fe1bB811b2c5
KlayDino,0xeFD04aDdf736E646b3d6B0a9254C50798b3DDbcF
DSC MATES | DIGITAL IDENTITY,0x1b9037637e47bA75267D67610cC6Fe1bB811b2c5
NewKlayPUNKS #2874,0x78Afe1e428cC57612f5DeDb77910Fa3fD3506d84
THE META KONGZ,0x512cEcd0B73D4aCA3e06c3B594C1a0A273CC1832
메타콩즈,0x78617Bdb54dc0F22209C82422d4ef6a9fE882D0f
DSC 메이트,0xC1B55B429117140162597199879d5CC739137753
클레이폭스1번버젼,0x3211746d549E6dcb7246f904Ac6e123a33d4Cf8A
Land : Joseon Dynasty,0x2002a1BF49F188939CFa400b9623aaefA06CAfe0
KlayDino,0x07321b139DD57e9deb99aD55A26eDA474B770808
Klapes,0x9Fc09b2DC3ab28d1e18A56893fF3a234BC4B46B9
Spoon Founder Ticket,0xA23353C785E38cC015C3f03f1Be5cDFB08A3c563
ALAP : THE LOST PIONEERS,0x327Fac0403172ec8A32cC93C5CeE2712aD80BfbE
Klanium Card,0x00DA7Fc6aFA0544421C3d067F97ee770B27D1C8C
도시클,0xC99c9f602668F4187Dcb9187E8fCc0Ca2ADc039f
메이트,0x595108e93f5f17a4097ed831d76d1a178b284bca
Klaywomen 120번,0xD0464C94D589e2Dd1E127488bb5f9CE873f6C717
Joseon Dynasty,0x8234499535c9071Dc7c9cdFEBF3BD0e443C6Cdc6
Dream Home Club,0xBa22dDD8901E52738D571d19353D3e5A482c5726
SheepFarm,0x393648E6873ddAe58cC085fC52Cf7c958966CC05
klayfox 1,0x960Df9096f138eb88A72355f386160Da0F954CBb
land Joseon Dynasty,0x6a274aC339132F98Ec114d5481B3884977792a63
EcoverseKorea,0xd1C7a307936f3D78Bb28c71be834A7dE275ac979
KlayDino,https://opensea.io/collection/klaydino
KLAYRock,0xd022CD6D422a55401C79e51b956E3AFDcB6DE67c
klaydino,0x367f3139d44c42f43C501Ec9C999B8E8Ce3B040F
3DMongz,0xd2b39A6A80545Ca65A46661d9F8352760e3261C6
THE META KONGZ,0xC55C614F41Dc861e01b614537A588635C5A69eca
spoonfounderticket,0x690C1e6986Beace8E3Ba35f84d529207e28E81d7
Klanium Card,0x11f3baF85B13D4CAD17586a6F8dF40B4a4CCAD80
klaydino,0x6D0e95A7967c4cBbF36eca48E035f14B45973c49
클레이폭스1버젼 . 고마워,0x31DAbdD8031CB175aa912aF3D730b6590Ab63649
에코버스코리아EcoverseKorea,0x07004c479A63923bE740eA1eb67A209B8a801756
클레이fox V1,0xb7593Ae84441999CC4A537B6BB70F0eA5e8CFe7c
메타콩즈,0x35eb89EADE9454F5c954b54d2f50278Ad0168C39
THE LOST PIONEERS,0xf56e88792EdbEBCd3C5E061bFF842BEC0fD7D43a
THE META KONGZ,0x06Cce7D2b78Cb9588291F32fb10912E7120Fb6C8
DSC Mate #4001,0xCFdab1928dF013E68B3da924A762C9346AEDC9c2
dogesoundclub mates,0x483Ff45D7ab646258503e1E577C01c3E1eC47020
클레이다이노,0xd64539430357Bb87066e8e0AF5EbBF962CD9588b
sheepfarm,0xa919d7875A0bC5723d28f80206703F5d20C6DB84
클레이다이노(klay dino),0x0ae4aEc096930baBC91e79f6128293E00099E5E5
스푼파운더티켓spoonticket,0xbBCa4857854bF869FD561D3e1Bcb9b4823C2a768
메타콩즈,0x1cC2F070967D6a61683ce54E434788d5C7B32571
메타콩즈,0x31DCa6780Dea994f23D140479a7A0158956dD22c
spoon ticket,0x741369D169A01D09b5390F9371dbda9ac3349358
픽셀캣,0x9Cef136Fb1453D07a7313A07a7a959f782FaF26F
DSC MATES | DIGITAL IDENTITY,0x7BC2dC5b34E3b0e9E894aB0cfa926F1B534757fc
klayfox,0x027Dfc2851Dd28551bBb5023C86Fd630011b2111
ecoversekorea,0xe14895570ee6fc5dB52Ba4e8384696FcB11C08e7
도사클,0x5fb09cDe5Fe9eaaE4382b7cF5E83F7F2e1CB1852
조선,0xbF0C3a094006a9b4a02b7227F22339395298061a
Klay300kid,0x9D5ef11B92c427dEA888D314C494898E81cf8FEE
dsc,0xFf90008E46F3a524BA563AbF6eE1a60Ef2a0e503
DSC Mate,0x8D8AbE37788e23E671BE8d153d9948e6c4e07B1d
3DMongz,0xA17B11A07C9e265157f5C6BFb6Be7D5CcaEc8296
메타콩즈,0x8150bF049D6c12eCda44bf263e17fa889F764Fc7
클레이 다이노,0x2272e111C690029944787Caa3A50A686E5444c8E
klayfox1,0x41d188e636cD7edADDA2E4136A8C061f7C9BA582
쉽팜,0xDf11ed44eeb72c16034117623d2A673167bF5D7F
dsc mate,0x926D97a384db51d4c900BC8B8f630f4eb94310B1
sheepfarm,0x17633cC7F9aDaE85D857745Ed61A274F722B7297
Metakongz,0x77B00dDbb164A01D3d70Ba7ea26D243b505e838A
메타콩즈,0x5F10e53297F6496487e9d5255867Ac762C169703
KlayRecrodOn#0006,0xAD5db8547A8E3a077df34ee4e8E135640C614a2E
도사클,0x886FB900BFaE606Ceb7989355f029EF402157EAd
Animals Punks #9988,0x0355f1FAD025bF3261b468908E228929f73b890E
Treasures Club,0xE098E59018E84aEBb23Ee0b1FC40a5757CAaA578
도지사운드클럽,0x9967dbddbcd7C7F7250662c7bb1708415f663225
DSC MATES | DIGITAL IDENTITY,0xa020336a66023Da03f2fE5b7Fd261c52e18823f4
도사클,0x24680c672016c42Ef4BCf8087747c13A37fba199
metakongz,0x23ef4D7E58353f6A48d7770c822315E417233166
sheepfarm,0xd9b1f58800c11ba9b657309307ff8305bb8bd9c4
메타콩즈,0x6c5731f95B548423611DF27886A566eD911e31E4
Joseon Dynasty,0x1c7646d247618017F036847Dd89f57A320AF7246
도사클,0xc134151d01F5b7845970A1FBC4Fd39b9988ee96F
DSC 메이트,0xD8052A9b01B64aCD65C8a6Ff91736C5ae2dac464
클리츠,0xb8Cc59A767b25A249793f9F92414b90e8C73fA7e
the-meta-kongz,0xa6d73290aF717008Eaca7e00333e374511Dc8333
도지사운드클럽,0xD4F36cd8578A886B7C9A7Bc2419Df74a212Dd5cC
메타콩,0xB182C4c24f71fC528f04a183D0Ce70E8330Fe35a
JD People #983 joseon dynasty,0x1C872aFd58E24e4E5990f77bD2025394EB78A585
joseon,0x985066b99D6a7f22F0f26df9E07D8e1a239d9b8D
"3dmongz,몽즈",0x741369D169A01D09b5390F9371dbda9ac3349358
트레져스클럽,0x2bFE8e9Af8a00A00E19055Dc11286582c4CC0A30
메타콩즈,0x1d06a453325405cC3FFFd70d52Ff6d6b9c729726
KlayDino #280,0xC6f5F969AAAC42d73c6E09e75B322fcF007baA1a
메이트,0x3dc5dDeB9C3613682d79C3e38b14CBA39FC7817E
메타콩즈,0x76c5707480679Ba2AdBdc801c2199E8E38d2eA1c
쉽팜 (alap 신청했는데 짤려서 다시해 ㅠㅠ),0xB4e52bCbeBa81675334473C16C76e392bc21B0Ef
메타 콩즈,0x5AB39FA813203396fd8f4BEE116dA9596BddAb1C
Dream Home Club,0x2Fc4161962B536EaE9e558AF7f144ff65Ef34090
newklaypunks,0xC5b389cb1c87DC11c8E002FacEBB79590Eb6c549
metakongz,0xE45F727fA8672F76aaB46C44E9e5c8f2E554d43a
쉽팜,0x44de30C7792043f06aC572Bb9836265b510192d5
sheepfarm,0x54a4b4bC467F1E837ADC6BD975a7312712bF7b94
DSC,0x1Dcf97B70F310fe8AAF66B45e4C380b71380503C
BWPM NFT,0xfa63e64f2e96388034BeeEC7abc58542244d90cE
DSC 도지햇^^,0xbb2F3f093dbf9E1E223645b82D162Ad033639e7D
도지사운드클럽메이트,0x41FD4d1C90c67DE2544AA390610F65e0bbB26ed1
도지사운드클럽,0x90cFf9086A6bEe8C201E6CCeA763Aff5a76012c9
메타콩즈,0xFb01d872191f9Ab411e938666b79c3Ca5a0B2167
KlayWeasel,0x82f537F750F794Aa14A5d6fE67579948026AD925
sheepfarm,0x903024326f37c4e8d52478Ef9D770A182832F239
PALA,0x7b300b2c3b021163f01d8cc458301a057f4b0732
클레이다이노,0x7DbC269BEE7d9b318DE29EE83243f48b9E068f0D
DSC 메이트 Floor Price,0xe1ECe7CCF4D048dB23c871F70052091cfB461E48
도사클,0xb18cfa5ee5269e5D75024CBf68AC7C20E6025E85
DSC메이트,0x6d4829856f8d195A71Ee854A76D08286FE8bed01
조선 다이내스티,0x5Bd79eca87445aDb278D954dF4C2CEC5390b12A2
DSC Mate #4001,0xCFdab1928dF013E68B3da924A762C9346AEDC9c2
Klapes,0x79fe9e7e2167C65bDA5e1bdc6Bb2418811Fb7310
ALAP,0x7b300b2c3b021163f01d8cc458301a057f4b0732
뉴클레이펑크,0xcF6460bb1159db775ae08bbFDFEC184C56f7ac2D
metakongz,0xd2E14D8A7e50f78dA1a364BCE4C4E2CdDef0C1aF
Klubs Army,0x5F05aAe5b747693681151c4F3E238053fd04B05c⁸⁸
3DMongz,0x03873cf8C02db4Ff0ED4C087615b0F2f9F40E956
Dogesoundclub-mates,0x6d605CF0e5660EdbE2AA9F75703Cd28eB3cCFac9
조선,0x2b8da00bcbf72e077e869d460db9400e4ec0d162
klayforest,0xCc1E737a65F304eF440A140E58290b0eb3eB82B7
klayrabbit,0x17633cC7F9aDaE85D857745Ed61A274F722B7297
메타콩즈,0x5e16DE96b059945ABaC6F3E417C85a5E679eB2aB
클레이에이프클럽,0x8958f79e4E3Eae63bB7dF4bA459C9A094C2b8509
Klaydobermann,0xbe688B58f952e7Daba60d32ABB850d48bd16854F
dsc,0x5267cBBBA1832f97fAa694D01B556d3fb4f22A38
Ephenia,0x5455A6fC05f9a1bD5aE314EBfdb72e65d3099782
도싸클 영재가 가지고있는거 아무거나!!!!,0xD950dE656714111Dc32b1DE13c884E19B537632d
케이스 바이 케이트,0x1a9dcC71c84286DaBE76C54d08d8200f5C86229E
클레이다이노 KlayDino,0x5b409173CE569eDC3Ba70e33dF041db0bAf6C8D5
조선다이너스티,0x19f0FeB221f00e99B7D2342d5831332070FE2da0
Klaydobermann,0xfD2A1d98C057d40E3C7BB92fafCF17975050aCBA
도사클!!,0x2542195851EEDf69Df8463E5F61e4e5955c7fA02
klapes,0x82f537F750F794Aa14A5d6fE67579948026AD925
Sheepfarm,0x3854aE588bB1921BA230bf88707d458888d67848
RURIA NFT,0x5455A6fC05f9a1bD5aE314EBfdb72e65d3099782
KlayFox - 02449,0xc38900622324Df7FfF60a524918BE0CdD2e5c018
도싸클,0x780355c53C3c29cf44D6478EbD2f7F208F9fAD75
도싸클,0x529682Ff1437760f4418927190c32584C29E666A
메이트,0xD52483a370De0afc4A1318814d3eb85b66A263Be
DSC MATES,0x9A0189b0385C3eAa518aB6edc82d74CcF28f3607
fox,0xa3EA395c4A87512633EF9C8FCF17D3509aC5D1b9
DSC Mate #3107,0xc45B27145f1d4d64Ef9c7203B5bf0375badCBed1
Joseon Dynasty,0xAF6BDC1222d668Ac73c19De52d1f310dE5278AbC
EcoverseKorea,0xFD59EFD7D4620Bc4Fa7AF95d89b3a9Cd6E76b11c
Doge Sound Club,0xE0cc0fA550B134fAEFfeD84d8143Bd7565e69867
Klanium Card,0x8D4EaF80534668844B9a05257fceEba10e72cFCE
KLAY APE CLUB,0x401f92891f4FEcD065f9f606ECA75CacC36cb993
klaydino,0x56bE5daA88C7b98C318B14648333B5FA5535073E
klayfox1,0x062E67A58F26c51EdCf1B14fbF1BB2263CABEE31
도지사운드클럽,0xb8599BDD97DE2164B3e7387f6379405AA90294d2
Ecoversekorea,0x0D60f4AEF0AFc60EECC40b82bE4Afe4d04fCEd1B
메타콩즈,0x76c5707480679Ba2AdBdc801c2199E8E38d2eA1c
THE META KONGZ,0xc539EF152C30d2D005164a9D593a9359Ec5F0e1d
절미아직 못사서 신청한거 취소해야할거가탕요 ㅠ 죄송해요 ㅠ,0xb8Cc59A767b25A249793f9F92414b90e8C73fA7e
ALAP:THE LOST PIONEERS,0x80AbE74f546c848C68B5016e9256bd980C6c751d
Spoon Founder Ticket,0xD5614F60722e5ebAAc3F70caCfC215eA3cFC9FC5
도지사운드클럽메이트,0x41FD4d1C90c67DE2544AA390610F65e0bbB26ed1
루머 / roomer,0x7d0FCF28e15D99F00af4961f94B6EcD819d4f198
Sheepfarm,0x413678E8589C615636647FA5b6504D23d721E5b0
DSC,0x69dc6Ba099ADE096fa63C5d593FDA76fb8f2f3C1
팍스,0xA56BF1Cdc7C4712d39001C5DE6710af2e72F931F
dsc mate,0x62627b1189824D8ba89f74E40d71559114eE1b2D
조선다이너스티,0x50C98041aDE0566F829cB3fb422C35D6E22eeA3A